{
  "n_runs": 25,
  "censored_by_pe": {
    "alibi": 1,
    "learned": 1,
    "nope": 1,
    "rope": 1,
    "sinusoidal": 1
  },
  "median_onset_by_pe": {
    "alibi": 14705.0,
    "learned": 15215.0,
    "nope": 14350.0,
    "rope": 15015.0,
    "sinusoidal": 20980.0
  },
  "onset_ci_by_pe": {
    "alibi": [
      7130.0,
      16160.0
    ],
    "learned": [
      9410.0,
      18530.0
    ],
    "nope": [
      6370.0,
      18365.0
    ],
    "rope": [
      8965.0,
      16535.0
    ],
    "sinusoidal": [
      15650.0,
      27455.0
    ]
  },
  "kruskal": {
    "H": 6.085714285714289,
    "p": 0.19283787147881792
  },
  "pairwise_mannwhitney_holm": {
    "alibi_vs_sinusoidal": 0.5714285714285714,
    "rope_vs_sinusoidal": 0.5714285714285714,
    "nope_vs_sinusoidal": 0.9142857142857143,
    "learned_vs_sinusoidal": 1.0,
    "alibi_vs_learned": 1.0,
    "learned_vs_nope": 1.0,
    "nope_vs_rope": 1.0,
    "alibi_vs_nope": 1.0,
    "alibi_vs_rope": 1.0,
    "learned_vs_rope": 1.0
  },
  "logrank": {
    "chi2": 4.672042952959173,
    "p": 0.322632119358346,
    "df": 4
  }
}