{
  "eta2": 0.11090014739310433,
  "p_perm": 0.8001199880011999,
  "n": 25
}