{
  "eta2": 0.10572497525785242,
  "p_perm": 0.8412158784121588,
  "n": 25
}