{
  "eta2": 0.43442444377696954,
  "p_perm": 0.0131986801319868,
  "n": 20
}